{"uuid": "2e44bfa8-e186-4bfe-9747-03b7ed99d47e", "counter": 83, "stdout": "\u001b[0;33mchanged: [localhost] => {\u001b[0m\r\n\u001b[0;33m    \"changed\": true,\u001b[0m\r\n\u001b[0;33m    \"checksum\": \"217e957230bc6320243f911928353ae3042916be\",\u001b[0m\r\n\u001b[0;33m    \"dest\": \"/home/vmadm/demo/RapidServe/southbound/nginx-ho_in_container1.conf\",\u001b[0m\r\n\u001b[0;33m    \"diff\": [],\u001b[0m\r\n\u001b[0;33m    \"gid\": 0,\u001b[0m\r\n\u001b[0;33m    \"group\": \"root\",\u001b[0m\r\n\u001b[0;33m    \"invocation\": {\u001b[0m\r\n\u001b[0;33m        \"module_args\": {\u001b[0m\r\n\u001b[0;33m            \"_original_basename\": \"nginx.conf.j2\",\u001b[0m\r\n\u001b[0;33m            \"attributes\": null,\u001b[0m\r\n\u001b[0;33m            \"backup\": false,\u001b[0m\r\n\u001b[0;33m            \"checksum\": \"217e957230bc6320243f911928353ae3042916be\",\u001b[0m\r\n\u001b[0;33m            \"content\": null,\u001b[0m\r\n\u001b[0;33m            \"dest\": \"/home/vmadm/demo/RapidServe/southbound/nginx-ho_in_container1.conf\",\u001b[0m\r\n\u001b[0;33m            \"directory_mode\": null,\u001b[0m\r\n\u001b[0;33m            \"follow\": false,\u001b[0m\r\n\u001b[0;33m            \"force\": true,\u001b[0m\r\n\u001b[0;33m            \"group\": null,\u001b[0m\r\n\u001b[0;33m            \"local_follow\": null,\u001b[0m\r\n\u001b[0;33m            \"mode\": null,\u001b[0m\r\n\u001b[0;33m            \"owner\": null,\u001b[0m\r\n\u001b[0;33m            \"remote_src\": null,\u001b[0m\r\n\u001b[0;33m            \"selevel\": null,\u001b[0m\r\n\u001b[0;33m            \"serole\": null,\u001b[0m\r\n\u001b[0;33m            \"setype\": null,\u001b[0m\r\n\u001b[0;33m            \"seuser\": null,\u001b[0m\r\n\u001b[0;33m            \"src\": \"/home/vmadm/.ansible/tmp/ansible-tmp-1713679410.242815-3413240-4845948429762/source\",\u001b[0m\r\n\u001b[0;33m            \"unsafe_writes\": false,\u001b[0m\r\n\u001b[0;33m            \"validate\": null\u001b[0m\r\n\u001b[0;33m        }\u001b[0m\r\n\u001b[0;33m    },\u001b[0m\r\n\u001b[0;33m    \"md5sum\": \"37bde66ba30719fd476527371e75bbb5\",\u001b[0m\r\n\u001b[0;33m    \"mode\": \"0644\",\u001b[0m\r\n\u001b[0;33m    \"owner\": \"root\",\u001b[0m\r\n\u001b[0;33m    \"size\": 532,\u001b[0m\r\n\u001b[0;33m    \"src\": \"/home/vmadm/.ansible/tmp/ansible-tmp-1713679410.242815-3413240-4845948429762/source\",\u001b[0m\r\n\u001b[0;33m    \"state\": \"file\",\u001b[0m\r\n\u001b[0;33m    \"uid\": 0\u001b[0m\r\n\u001b[0;33m}\u001b[0m", "start_line": 128, "end_line": 168, "runner_ident": "9e212c75-fed3-4a00-b695-9651e23a96d5", "event": "runner_on_ok", "pid": 3413192, "created": "2024-04-21T06:03:31.242043", "parent_uuid": "52540038-3809-c184-b98b-000000000005", "event_data": {"playbook": "deploy_con.yaml", "playbook_uuid": "36fd03aa-95ef-442b-834f-cba34c46411a", "play": "Deploy Infrastructure with Docker Containers for Edge and Origin Servers", "play_uuid": "52540038-3809-c184-b98b-000000000001", "play_pattern": "localhost", "task": "Create NGINX configuration file from template for edge servers", "task_uuid": "52540038-3809-c184-b98b-000000000005", "task_action": "template", "resolved_action": "ansible.builtin.template", "task_args": "", "task_path": "/home/vmadm/demo/RapidServe/southbound/deploy_con.yaml:29", "host": "localhost", "remote_addr": "127.0.0.1", "res": {"diff": [], "dest": "/home/vmadm/demo/RapidServe/southbound/nginx-ho_in_container1.conf", "src": "/home/vmadm/.ansible/tmp/ansible-tmp-1713679410.242815-3413240-4845948429762/source", "md5sum": "37bde66ba30719fd476527371e75bbb5", "checksum": "217e957230bc6320243f911928353ae3042916be", "changed": true, "uid": 0, "gid": 0, "owner": "root", "group": "root", "mode": "0644", "state": "file", "size": 532, "invocation": {"module_args": {"src": "/home/vmadm/.ansible/tmp/ansible-tmp-1713679410.242815-3413240-4845948429762/source", "dest": "/home/vmadm/demo/RapidServe/southbound/nginx-ho_in_container1.conf", "mode": null, "follow": false, "_original_basename": "nginx.conf.j2", "checksum": "217e957230bc6320243f911928353ae3042916be", "backup": false, "force": true, "unsafe_writes": false, "content": null, "validate": null, "directory_mode": null, "remote_src": null, "local_follow": null, "owner": null, "group": null, "seuser": null, "serole": null, "selevel": null, "setype": null, "attributes": null}}, "_ansible_no_log": null}, "start": "2024-04-21T06:03:30.167671", "end": "2024-04-21T06:03:31.241667", "duration": 1.073996, "event_loop": null, "uuid": "2e44bfa8-e186-4bfe-9747-03b7ed99d47e"}}